-- =============================================================
--  StreamFlix – Backup Example (mysqldump format)
--  Generated by: mysqldump 8.0  database: stream4
--
--  To create a real backup:
--    docker exec stream4-db \
--      mysqldump -u root -p"$MYSQL_ROOT_PASSWORD" \
--      --single-transaction --routines --triggers stream4 \
--      > backups/stream4_$(date +%Y%m%d_%H%M%S).sql
--
--  To restore:
--    mysql -u root -p"$MYSQL_ROOT_PASSWORD" stream4 < backups/stream4_YYYYMMDD.sql
-- =============================================================

/*!40101 SET @OLD_CHARACTER_SET_CLIENT=@@CHARACTER_SET_CLIENT */;
/*!40101 SET @OLD_CHARACTER_SET_RESULTS=@@CHARACTER_SET_RESULTS */;
/*!40101 SET @OLD_COLLATION_CONNECTION=@@COLLATION_CONNECTION */;
/*!40101 SET NAMES utf8mb4 */;
/*!40014 SET @OLD_UNIQUE_CHECKS=@@UNIQUE_CHECKS, UNIQUE_CHECKS=0 */;
/*!40014 SET @OLD_FOREIGN_KEY_CHECKS=@@FOREIGN_KEY_CHECKS, FOREIGN_KEY_CHECKS=0 */;
/*!40101 SET @OLD_SQL_MODE=@@SQL_MODE, SQL_MODE='NO_AUTO_VALUE_ON_ZERO' */;

-- -------------------------------------------------------------
-- Database
-- -------------------------------------------------------------
CREATE DATABASE IF NOT EXISTS `stream4`
  DEFAULT CHARACTER SET utf8mb4
  COLLATE utf8mb4_unicode_ci;

USE `stream4`;

-- -------------------------------------------------------------
-- Table: role_right
-- -------------------------------------------------------------
DROP TABLE IF EXISTS `role_right`;
CREATE TABLE `role_right` (
  `roleid`      INT          NOT NULL AUTO_INCREMENT,
  `role_name`   VARCHAR(50)  NOT NULL,
  `description` VARCHAR(255) DEFAULT NULL,
  `permissions` TEXT         DEFAULT NULL,
  PRIMARY KEY (`roleid`)
) ENGINE=InnoDB DEFAULT CHARSET=utf8mb4;

INSERT INTO `role_right` (`roleid`, `role_name`, `description`, `permissions`) VALUES
(1, 'JUNIOR_EMPLOYEE',  'Read-only access to basic user and profile data',          'READ_USERS,READ_PROFILES'),
(2, 'MID_EMPLOYEE',     'Read access + limited write on profiles and accounts',     'READ_USERS,READ_PROFILES,UPDATE_PROFILES,DEACTIVATE_ACCOUNTS'),
(3, 'SENIOR_EMPLOYEE',  'Full access including financial and viewing history data',  'ALL');

-- -------------------------------------------------------------
-- Table: employee
-- -------------------------------------------------------------
DROP TABLE IF EXISTS `employee`;
CREATE TABLE `employee` (
  `employeeid` INT          NOT NULL AUTO_INCREMENT,
  `name`       VARCHAR(100) NOT NULL,
  `email`      VARCHAR(150) NOT NULL UNIQUE,
  `password`   VARCHAR(255) NOT NULL,
  `roleid`     INT          NOT NULL,
  `is_active`  TINYINT(1)   NOT NULL DEFAULT 1,
  PRIMARY KEY (`employeeid`),
  CONSTRAINT `fk_employee_role` FOREIGN KEY (`roleid`) REFERENCES `role_right` (`roleid`)
) ENGINE=InnoDB DEFAULT CHARSET=utf8mb4;

INSERT INTO `employee` (`employeeid`, `name`, `email`, `password`, `roleid`, `is_active`) VALUES
(1, 'Junior Jan',   'junior@stream4.com',  '$2a$10$KMvvCJ1vLWKFJtz4B0kUzubUPDaFM6wTwk93cBwMYRRKx.3//W7v2', 1, 1),
(2, 'Mid Marie',    'mid@stream4.com',     '$2a$10$KMvvCJ1vLWKFJtz4B0kUzubUPDaFM6wTwk93cBwMYRRKx.3//W7v2', 2, 1),
(3, 'Senior Steve', 'senior@stream4.com',  '$2a$10$KMvvCJ1vLWKFJtz4B0kUzubUPDaFM6wTwk93cBwMYRRKx.3//W7v2', 3, 1);

-- -------------------------------------------------------------
-- Table: users
-- -------------------------------------------------------------
DROP TABLE IF EXISTS `users`;
CREATE TABLE `users` (
  `userid`                  VARCHAR(36)  NOT NULL,
  `name`                    VARCHAR(100) NOT NULL,
  `email`                   VARCHAR(150) NOT NULL UNIQUE,
  `password`                VARCHAR(255) NOT NULL,
  `age`                     INT          DEFAULT NULL,
  `role`                    VARCHAR(20)  NOT NULL DEFAULT 'USER',
  `verified`                TINYINT(1)   NOT NULL DEFAULT 0,
  `deleted`                 TINYINT(1)   NOT NULL DEFAULT 0,
  `failed_login_attempts`   INT          NOT NULL DEFAULT 0,
  `locked_until`            DATETIME     DEFAULT NULL,
  `reset_token`             VARCHAR(255) DEFAULT NULL,
  `reset_token_expiry`      DATETIME     DEFAULT NULL,
  `verification_token`      VARCHAR(255) DEFAULT NULL,
  `referral_discount_used`  TINYINT(1)   NOT NULL DEFAULT 0,
  `created_date`            DATETIME     NOT NULL,
  PRIMARY KEY (`userid`)
) ENGINE=InnoDB DEFAULT CHARSET=utf8mb4;

INSERT INTO `users` (`userid`, `name`, `email`, `password`, `age`, `role`, `verified`, `deleted`,
                     `failed_login_attempts`, `referral_discount_used`, `created_date`) VALUES
('user-001', 'Alice Johnson',  'alice@stream4.com',  '$2a$10$KMvvCJ1vLWKFJtz4B0kUzubUPDaFM6wTwk93cBwMYRRKx.3//W7v2', 30, 'USER', 1, 0, 0, 0, '2025-01-01 10:00:00'),
('user-002', 'Bob Smith',      'bob@stream4.com',    '$2a$10$KMvvCJ1vLWKFJtz4B0kUzubUPDaFM6wTwk93cBwMYRRKx.3//W7v2', 17, 'USER', 1, 0, 0, 0, '2025-01-02 11:00:00'),
('user-003', 'Carol Williams', 'carol@stream4.com',  '$2a$10$KMvvCJ1vLWKFJtz4B0kUzubUPDaFM6wTwk93cBwMYRRKx.3//W7v2', 10, 'USER', 1, 0, 0, 0, '2025-01-03 12:00:00');

-- -------------------------------------------------------------
-- Table: profile
-- -------------------------------------------------------------
DROP TABLE IF EXISTS `profile`;
CREATE TABLE `profile` (
  `id`              VARCHAR(36)  NOT NULL,
  `user_id`         VARCHAR(36)  NOT NULL,
  `name`            VARCHAR(100) NOT NULL,
  `avatar`          VARCHAR(255) DEFAULT NULL,
  `age`             INT          DEFAULT NULL,
  `maturity_level`  VARCHAR(20)  DEFAULT NULL,
  `deleted`         TINYINT(1)   NOT NULL DEFAULT 0,
  PRIMARY KEY (`id`),
  CONSTRAINT `fk_profile_user` FOREIGN KEY (`user_id`) REFERENCES `users` (`userid`) ON DELETE CASCADE
) ENGINE=InnoDB DEFAULT CHARSET=utf8mb4;

INSERT INTO `profile` (`id`, `user_id`, `name`, `avatar`, `age`, `maturity_level`, `deleted`) VALUES
('prof-001', 'user-001', 'Alice Main',    'avatar1.png', 30, 'ADULT', 0),
('prof-002', 'user-001', 'Alice Kids',    'avatar2.png',  8, 'KIDS',  0),
('prof-003', 'user-002', 'Bob Profile',   'avatar3.png', 17, 'TEENS', 0),
('prof-004', 'user-003', 'Carol Profile', 'avatar4.png', 10, 'KIDS',  0);

-- -------------------------------------------------------------
-- Table: titles
-- -------------------------------------------------------------
DROP TABLE IF EXISTS `titles`;
CREATE TABLE `titles` (
  `id`              VARCHAR(36)  NOT NULL,
  `name`            VARCHAR(200) NOT NULL,
  `description`     TEXT         DEFAULT NULL,
  `release_year`    INT          DEFAULT NULL,
  `type`            VARCHAR(20)  NOT NULL,
  `genre`           VARCHAR(50)  DEFAULT NULL,
  `maturity_rating` VARCHAR(20)  DEFAULT NULL,
  `deleted`         TINYINT(1)   NOT NULL DEFAULT 0,
  PRIMARY KEY (`id`)
) ENGINE=InnoDB DEFAULT CHARSET=utf8mb4;

INSERT INTO `titles` (`id`, `name`, `description`, `release_year`, `type`, `genre`, `maturity_rating`, `deleted`) VALUES
('title-001', 'Breaking Bad',    'A chemistry teacher turned drug lord.',          2008, 'SERIES', 'DRAMA',     'MATURE', 0),
('title-002', 'The Dark Knight', 'Batman faces the Joker in Gotham City.',         2008, 'MOVIE',  'ACTION',    'TEEN',   0),
('title-003', 'Toy Story',       'Toys come to life when humans are not looking.', 1995, 'MOVIE',  'ANIMATION', 'ALL',    0),
('title-004', 'Stranger Things', 'Kids encounter supernatural forces.',            2016, 'SERIES', 'HORROR',    'TEEN',   0),
('title-005', 'The Crown',       'The reign of Queen Elizabeth II.',               2016, 'SERIES', 'DRAMA',     'PG',     0);

-- -------------------------------------------------------------
-- Table: subscriptions
-- -------------------------------------------------------------
DROP TABLE IF EXISTS `subscriptions`;
CREATE TABLE `subscriptions` (
  `userid`                   VARCHAR(36)    NOT NULL,
  `plan`                     VARCHAR(20)    NOT NULL,
  `status`                   VARCHAR(20)    NOT NULL,
  `total_price`              DECIMAL(10,2)  NOT NULL,
  `discount_percentage`      DECIMAL(5,2)   NOT NULL DEFAULT 0.00,
  `start_date`               DATE           NOT NULL,
  `end_date`                 DATE           NOT NULL,
  `auto_renew`               TINYINT(1)     NOT NULL DEFAULT 1,
  `invite_discount_applied`  TINYINT(1)     NOT NULL DEFAULT 0,
  `invite_discount_used`     TINYINT(1)     NOT NULL DEFAULT 0,
  PRIMARY KEY (`userid`),
  CONSTRAINT `fk_sub_user` FOREIGN KEY (`userid`) REFERENCES `users` (`userid`) ON DELETE CASCADE
) ENGINE=InnoDB DEFAULT CHARSET=utf8mb4;

INSERT INTO `subscriptions` (`userid`, `plan`, `status`, `total_price`, `discount_percentage`,
                              `start_date`, `end_date`, `auto_renew`, `invite_discount_applied`, `invite_discount_used`) VALUES
('user-001', 'HD', 'ACTIVE', 12.99, 0.00, '2025-01-01', '2025-02-01', 1, 0, 0);

-- -------------------------------------------------------------
-- Table: watchlist
-- -------------------------------------------------------------
DROP TABLE IF EXISTS `watchlist`;
CREATE TABLE `watchlist` (
  `id`       VARCHAR(36) NOT NULL,
  `user_id`  VARCHAR(36) NOT NULL,
  `title_id` VARCHAR(36) NOT NULL,
  `added_at` BIGINT      NOT NULL,
  PRIMARY KEY (`id`),
  CONSTRAINT `fk_watchlist_user`  FOREIGN KEY (`user_id`)  REFERENCES `users`  (`userid`) ON DELETE CASCADE,
  CONSTRAINT `fk_watchlist_title` FOREIGN KEY (`title_id`) REFERENCES `titles` (`id`)     ON DELETE CASCADE
) ENGINE=InnoDB DEFAULT CHARSET=utf8mb4;

INSERT INTO `watchlist` (`id`, `user_id`, `title_id`, `added_at`) VALUES
('wl-001', 'user-001', 'title-004', 1735725600),
('wl-002', 'user-001', 'title-005', 1735725700),
('wl-003', 'user-002', 'title-003', 1735725800);

-- -------------------------------------------------------------
-- Restore complete — verify row counts:
--
--   SELECT 'role_right',  COUNT(*) FROM role_right
--   UNION ALL SELECT 'employee',     COUNT(*) FROM employee
--   UNION ALL SELECT 'users',        COUNT(*) FROM users
--   UNION ALL SELECT 'profile',      COUNT(*) FROM profile
--   UNION ALL SELECT 'titles',       COUNT(*) FROM titles
--   UNION ALL SELECT 'subscriptions',COUNT(*) FROM subscriptions
--   UNION ALL SELECT 'watchlist',    COUNT(*) FROM watchlist;
-- -------------------------------------------------------------

/*!40101 SET SQL_MODE=@OLD_SQL_MODE */;
/*!40014 SET FOREIGN_KEY_CHECKS=@OLD_FOREIGN_KEY_CHECKS */;
/*!40014 SET UNIQUE_CHECKS=@OLD_UNIQUE_CHECKS */;
/*!40101 SET CHARACTER_SET_CLIENT=@OLD_CHARACTER_SET_CLIENT */;
/*!40101 SET CHARACTER_SET_RESULTS=@OLD_CHARACTER_SET_RESULTS */;
/*!40101 SET COLLATION_CONNECTION=@OLD_COLLATION_CONNECTION */;
